%,FOR,W,SHAPE,,,,,,,,,
W44×335,133,2.52,11.1,149,2.25,12.4,104,3.22,8.67,120,2.79,10
×290,132,2.2,11,147,1.97,12.3,103,2.82,8.58,119,2.44,9.92
×262,131,2,10.9,147,1.78,12.3,102,2.57,8.5,118,2.22,9.83
×230,130,1.77,10.8,146,1.58,12.2,102,2.25,8.5,117,1.97,9.75
W40×593,130,4.56,10.8,147,4.03,12.3,103,5.76,8.58,119,4.98,9.92
×503,128,3.93,10.7,144,3.49,12,101,4.98,8.42,117,4.3,9.75
×431,126,3.42,10.5,143,3.01,11.9,98.8,4.36,8.23,115,3.75,9.58
×397,126,3.15,10.5,142,2.8,11.8,98.1,4.05,8.18,114,3.48,9.5
×372,125,2.98,10.4,141,2.64,11.8,97.3,3.82,8.11,113,3.29,9.42
×362,125,2.9,10.4,141,2.57,11.8,97.2,3.72,8.1,113,3.2,9.42
×324,124,2.61,10.3,140,2.31,11.7,96.3,3.36,8.03,112,2.89,9.33
×297,123,2.41,10.3,139,2.14,11.6,95.4,3.11,7.95,111,2.68,9.25
×277,123,2.25,10.3,139,1.99,11.6,95.2,2.91,7.93,111,2.5,9.25
×249,123,2.02,10.3,139,1.79,11.6,94.6,2.63,7.88,110,2.26,9.17
×215,122,1.76,10.2,138,1.56,11.5,93.8,2.29,7.82,110,1.95,9.17
×199,121,1.64,10.1,137,1.45,11.4,93.2,2.14,7.77,109,1.83,9.08
W40×392,116,3.38,9.67,128,3.06,10.7,95.6,4.1,7.97,108,3.63,9
×331,114,2.9,9.5,126,2.63,10.5,93.8,3.53,7.82,106,3.12,8.83
×327,113,2.89,9.42,125,2.62,10.4,93.7,3.49,7.81,106,3.08,8.83
×278,112,2.48,9.33,124,2.24,10.3,92.4,3.01,7.7,104,2.67,8.67
×264,112,2.36,9.33,124,2.13,10.3,91.9,2.87,7.66,104,2.54,8.67
×235,112,2.1,9.33,124,1.9,10.3,91.3,2.57,7.61,103,2.28,8.58
×211,111,1.9,9.25,123,1.72,10.3,90.6,2.33,7.55,102,2.07,8.5
×183,110,1.66,9.17,122,1.5,10.2,89.8,2.04,7.48,102,1.79,8.5
×167,109,1.53,9.08,121,1.38,10.1,89,1.88,7.42,101,1.65,8.42
×149,109,1.37,9.08,121,1.23,10.1,88.2,1.69,7.35,100,1.49,8.33
W36×798,131,6.09,10.9,149,5.36,12.4,102,7.82,8.5,120,6.65,10
×650,128,5.08,10.7,146,4.45,12.2,98.6,6.59,8.22,116,5.6,9.67
×527,125,4.22,10.4,142,3.71,11.8,95.6,5.51,7.97,113,4.66,9.42
×439,123,3.57,10.3,140,3.14,11.7,93.6,4.69,7.8,111,3.95,9.25
×393,121,3.25,10.1,138,2.85,11.5,92.4,4.25,7.7,109,3.61,9.08
×359,121,2.97,10.1,137,2.62,11.4,91.5,3.92,7.63,108,3.32,9
×328,120,2.73,10,137,2.39,11.4,90.8,3.61,7.57,107,3.07,8.92
×300,120,2.5,10,136,2.21,11.3,90.1,3.33,7.51,107,2.8,8.92
×280,119,2.35,9.92,136,2.06,11.3,89.6,3.13,7.47,106,2.64,8.83
×260,119,2.18,9.92,135,1.93,11.3,89.2,2.91,7.43,106,2.45,8.83
×245,118,2.08,9.83,135,1.81,11.3,88.7,2.76,7.39,105,2.33,8.75
×230,118,1.95,9.83,134,1.72,11.2,88.3,2.6,7.36,105,2.19,8.75
W36×256,108,2.37,9,120,2.13,10,87,2.94,7.25,99.2,2.58,8.27
×232,108,2.15,9,120,1.93,10,86.3,2.69,7.19,98.4,2.36,8.2
×210,107,1.96,8.92,119,1.76,9.92,85.6,2.45,7.13,97.8,2.15,8.15
×194,107,1.81,8.92,119,1.63,9.92,85.1,2.28,7.09,97.2,2,8.1
×182,106,1.72,8.83,119,1.53,9.92,84.7,2.15,7.06,96.8,1.88,8.07
×170,106,1.6,8.83,118,1.44,9.83,84.4,2.01,7.03,96.4,1.76,8.03
×160,106,1.51,8.83,118,1.36,9.83,84,1.9,7,96,1.67,8
×150,105,1.43,8.75,117,1.28,9.75,83.8,1.79,6.98,95.8,1.57,7.98
×135,105,1.29,8.75,117,1.15,9.75,83.2,1.62,6.93,95.2,1.42,7.93
W33×387,117,3.31,9.75,133,2.91,11.1,88.2,4.39,7.35,104,3.72,8.67
×354,116,3.05,9.67,132,2.68,11,87.3,4.05,7.28,103,3.44,8.58
×318,115,2.77,9.58,131,2.43,10.9,86.4,3.68,7.2,102,3.12,8.5
×291,114,2.55,9.5,130,2.24,10.8,85.5,3.4,7.13,101,2.88,8.42
×263,113,2.33,9.42,129,2.04,10.8,84.8,3.1,7.07,101,2.6,8.42
×241,113,2.13,9.42,129,1.87,10.8,84.3,2.86,7.03,100,2.41,8.33
×221,112,1.97,9.33,128,1.73,10.7,83.6,2.64,6.97,99.4,2.22,8.28
×201,112,1.79,9.33,127,1.58,10.6,83.1,2.42,6.93,98.8,2.03,8.23
W33×169,99.6,1.7,8.3,111,1.52,9.25,79.1,2.14,6.59,90.6,1.87,7.55
×152,99.3,1.53,8.28,111,1.37,9.25,78.6,1.93,6.55,90.2,1.69,7.52
×141,98.4,1.43,8.2,110,1.28,9.17,78.1,1.81,6.51,89.6,1.57,7.47
×130,98.3,1.32,8.19,110,1.18,9.17,77.7,1.67,6.48,89.2,1.46,7.43
×118,97.8,1.21,8.15,109,1.08,9.08,77.3,1.53,6.44,88.8,1.33,7.4
W30×391,109,3.59,9.08,125,3.13,10.4,82,4.77,6.83,97.6,4.01,8.13
×357,108,3.31,9,124,2.88,10.3,81.1,4.4,6.76,96.6,3.7,8.05
×326,107,3.05,8.92,123,2.65,10.3,80.2,4.06,6.68,95.6,3.41,7.97
×292,107,2.73,8.92,122,2.39,10.2,79.3,3.68,6.61,94.6,3.09,7.88
×261,106,2.46,8.83,121,2.16,10.1,78.4,3.33,6.53,93.6,2.79,7.8
×235,105,2.24,8.75,120,1.96,10,77.7,3.02,6.48,92.8,2.53,7.73
×211,105,2.01,8.75,120,1.76,10,76.9,2.74,6.41,92,2.29,7.67
×191,103,1.85,8.58,118,1.62,9.83,76.4,2.5,6.37,91.4,2.09,7.62
×173,104,1.66,8.67,119,1.45,9.92,75.8,2.28,6.32,90.8,1.91,7.57
W30×148,90.3,1.64,7.53,101,1.47,8.42,71.9,2.06,5.99,82.4,1.8,6.87
×132,89.5,1.47,7.46,100,1.32,8.33,71.1,1.86,5.93,81.6,1.62,6.8
×124,89.3,1.39,7.44,99.8,1.24,8.32,70.9,1.75,5.91,81.4,1.52,6.78
×116,89.1,1.3,7.43,99.6,1.16,8.3,70.5,1.65,5.88,81,1.43,6.75
×108,88.9,1.21,7.41,99.4,1.09,8.28,70.1,1.54,5.84,80.6,1.34,6.72
×99,88.5,1.12,7.38,99,1,8.25,69.9,1.42,5.83,80.4,1.23,6.7
×90,88,1.02,7.33,98.4,0.915,8.2,69.4,1.3,5.78,79.8,1.13,6.65
W27×539,106,5.08,8.83,121,4.45,10.1,80.3,6.71,6.69,95.6,5.64,7.97
×368,101,3.64,8.42,116,3.17,9.67,75.5,4.87,6.29,90.2,4.08,7.52
×336,100,3.36,8.33,115,2.92,9.58,74.6,4.5,6.22,89.2,3.77,7.43
×307,98.8,3.11,8.23,113,2.72,9.42,73.6,4.17,6.13,88,3.49,7.33
×281,98.2,2.86,8.18,113,2.49,9.42,73,3.85,6.08,87.4,3.22,7.28
×258,97.7,2.64,8.14,112,2.3,9.33,72.3,3.57,6.03,86.6,2.98,7.22
×235,96.6,2.43,8.05,111,2.12,9.25,71.6,3.28,5.97,85.8,2.74,7.15
×217,96,2.26,8,110,1.97,9.17,70.9,3.06,5.91,85,2.55,7.08
×194,95.6,2.03,7.97,110,1.76,9.17,70.2,2.76,5.85,84.2,2.3,7.02
×178,95,1.87,7.92,109,1.63,9.08,69.7,2.55,5.81,83.8,2.12,6.98
×161,94.6,1.7,7.88,109,1.48,9.08,69.2,2.33,5.77,83.2,1.94,6.93
×146,94.3,1.55,7.86,108,1.35,9,68.8,2.12,5.73,82.8,1.76,6.9
W27×129,82.8,1.56,6.9,92.8,1.39,7.73,65.2,1.98,5.43,75.2,1.72,6.27
×114,82.3,1.39,6.86,92.4,1.23,7.7,64.7,1.76,5.39,74.8,1.52,6.23
×102,82.1,1.24,6.84,92.1,1.11,7.68,64.2,1.59,5.35,74.2,1.37,6.18
×94,81.5,1.15,6.79,91.5,1.03,7.63,63.8,1.47,5.32,73.8,1.27,6.15
×84,81.2,1.03,6.77,91.2,0.921,7.6,63.4,1.32,5.28,73.3,1.15,6.11
W24×370,92.9,3.98,7.74,107,3.46,8.92,69.7,5.31,5.81,83.4,4.44,6.95
×335,91.5,3.66,7.63,105,3.19,8.75,68.5,4.89,5.71,82,4.09,6.83
×306,90.8,3.37,7.57,104,2.94,8.67,67.6,4.53,5.63,81,3.78,6.75
×279,89.7,3.11,7.48,103,2.71,8.58,66.7,4.18,5.56,80,3.49,6.67
×250,89,2.81,7.42,102,2.45,8.5,65.8,3.8,5.48,79,3.16,6.58
×229,88.1,2.6,7.34,101,2.27,8.42,65.1,3.52,5.43,78.2,2.93,6.52
×207,87.6,2.36,7.3,101,2.05,8.42,64.4,3.21,5.37,77.4,2.67,6.45
×192,87.1,2.2,7.26,100,1.92,8.33,64,3,5.33,77,2.49,6.42
×176,86.5,2.03,7.21,99.4,1.77,8.28,63.3,2.78,5.28,76.2,2.31,6.35
×162,86.3,1.88,7.19,99.3,1.63,8.28,63,2.57,5.25,76,2.13,6.33
×146,85.8,1.7,7.15,98.7,1.48,8.23,62.3,2.34,5.19,75.2,1.94,6.27
×131,85.3,1.54,7.11,98.2,1.33,8.18,61.9,2.12,5.16,74.8,1.75,6.23
×117,84.5,1.38,7.04,97.3,1.2,8.11,61.4,1.91,5.12,74.2,1.58,6.18
×104,84.1,1.24,7.01,96.9,1.07,8.08,61,1.7,5.08,73.8,1.41,6.15
W24×103,73.5,1.4,6.13,82.5,1.25,6.88,58,1.78,4.83,67,1.54,5.58
×94,73.5,1.28,6.13,82.5,1.14,6.88,57.7,1.63,4.81,66.7,1.41,5.56
×84,73.2,1.15,6.1,82.2,1.02,6.85,57.2,1.47,4.77,66.2,1.27,5.52
×76,72.5,1.05,6.04,81.5,0.933,6.79,56.8,1.34,4.73,65.8,1.16,5.48
×68,72.2,0.942,6.02,81.2,0.837,6.77,56.4,1.21,4.7,65.3,1.04,5.44
W24×62,66.4,0.934,5.53,73.5,0.844,6.13,54.4,1.14,4.53,61.5,1.01,5.13
×55,66.4,0.828,5.53,73.4,0.749,6.12,54.2,1.01,4.52,61.2,0.899,5.1
W21×201,80.5,2.5,6.71,93.1,2.16,7.76,58.6,3.43,4.88,71.2,2.82,5.93
×182,80,2.28,6.67,92.5,1.97,7.71,57.9,3.14,4.83,70.4,2.59,5.87
×166,79.5,2.09,6.63,91.9,1.81,7.66,57.4,2.89,4.78,69.8,2.38,5.82
×147,78.7,1.87,6.56,91.2,1.61,7.6,56.7,2.59,4.73,69.2,2.12,5.77
×132,78.5,1.68,6.54,90.9,1.45,7.58,56,2.36,4.67,68.4,1.93,5.7
×122,77.9,1.57,6.49,90.3,1.35,7.53,55.8,2.19,4.65,68.2,1.79,5.68
×111,77.4,1.43,6.45,89.7,1.24,7.48,55.3,2.01,4.61,67.6,1.64,5.63
×101,77.4,1.3,6.45,89.7,1.13,7.48,55.1,1.83,4.59,67.4,1.5,5.62
W21×93,66.3,1.4,5.53,74.8,1.24,6.23,51.6,1.8,4.3,60,1.55,5
×83,65.8,1.26,5.48,74.2,1.12,6.18,51.2,1.62,4.27,59.5,1.39,4.96
×73,65.5,1.11,5.46,73.8,0.989,6.15,50.7,1.44,4.23,59,1.24,4.92
×68,65.1,1.04,5.43,73.4,0.926,6.12,50.5,1.35,4.21,58.7,1.16,4.89
×62,65.1,0.952,5.43,73.3,0.846,6.11,50.2,1.24,4.18,58.5,1.06,4.88
×55,64.4,0.854,5.37,72.6,0.758,6.05,49.8,1.1,4.15,58,0.948,4.83
×48,64,0.75,5.33,72.1,0.666,6.01,49.3,0.974,4.11,57.5,0.835,4.79
W21×57,59.9,0.952,4.99,66.5,0.857,5.54,48.8,1.17,4.07,55.3,1.03,4.61
×50,59.7,0.838,4.98,66.3,0.754,5.53,48.1,1.04,4.01,54.7,0.914,4.56
×44,59,0.746,4.92,65.5,0.672,5.46,47.9,0.919,3.99,54.4,0.809,4.53
W18×175,71.1,2.46,5.93,82.5,2.12,6.88,51.4,3.4,4.28,62.8,2.79,5.23
×158,70.5,2.24,5.88,81.8,1.93,6.82,50.7,3.12,4.23,62,2.55,5.17
×143,69.8,2.05,5.82,81,1.77,6.75,50.2,2.85,4.18,61.4,2.33,5.12
×130,69.3,1.88,5.78,80.5,1.61,6.71,49.8,2.61,4.15,61,2.13,5.08
×119,69.2,1.72,5.77,80.5,1.48,6.71,49.3,2.41,4.11,60.6,1.96,5.05
×106,68.6,1.55,5.72,79.8,1.33,6.65,48.6,2.18,4.05,59.8,1.77,4.98
×97,68.1,1.42,5.68,79.2,1.22,6.6,48.3,2.01,4.03,59.4,1.63,4.95
×86,67.8,1.27,5.65,78.9,1.09,6.58,47.9,1.8,3.99,59,1.46,4.92
×76,67.3,1.13,5.61,78.3,0.971,6.53,47.4,1.6,3.95,58.4,1.3,4.87
W18×71,58,1.22,4.83,65.6,1.08,5.47,44.6,1.59,3.72,52.3,1.36,4.36
×65,57.6,1.13,4.8,65.2,0.997,5.43,44.4,1.46,3.7,52,1.25,4.33
×60,57.5,1.04,4.79,65,0.923,5.42,44,1.36,3.67,51.5,1.17,4.29
×55,57.1,0.963,4.76,64.7,0.85,5.39,43.7,1.26,3.64,51.3,1.07,4.28
×50,56.8,0.88,4.73,64.3,0.778,5.36,43.5,1.15,3.63,51,0.98,4.25
W18×46,52.4,0.878,4.37,58.5,0.786,4.88,42.3,1.09,3.53,48.3,0.952,4.03
×40,52.1,0.768,4.34,58.1,0.688,4.84,41.8,0.957,3.48,47.8,0.837,3.98
×35,52.1,0.672,4.34,58.1,0.602,4.84,41.4,0.845,3.45,47.4,0.738,3.95
W16×100,62.7,1.59,5.23,73.1,1.37,6.09,44.4,2.25,3.7,54.8,1.82,4.57
×89,62.4,1.43,5.2,72.8,1.22,6.07,44,2.02,3.67,54.4,1.64,4.53
×77,61.6,1.25,5.13,71.9,1.07,5.99,43.3,1.78,3.61,53.6,1.44,4.47
×67,61.4,1.09,5.12,71.6,0.936,5.97,42.8,1.57,3.57,53,1.26,4.42
W16×57,52.1,1.09,4.34,59.2,0.963,4.93,39.9,1.43,3.33,47,1.21,3.92
×50,52,0.962,4.33,59.1,0.846,4.93,39.7,1.26,3.31,46.7,1.07,3.89
×45,51.7,0.87,4.31,58.7,0.767,4.89,39.2,1.15,3.27,46.3,0.972,3.86
×40,51.3,0.78,4.28,58.3,0.686,4.86,39,1.03,3.25,46,0.87,3.83
×36,51.3,0.702,4.28,58.3,0.617,4.86,38.8,0.928,3.23,45.8,0.786,3.82
W16×31,46.9,0.661,3.91,52.4,0.592,4.37,37.3,0.831,3.11,42.9,0.723,3.58
×26,46.6,0.558,3.88,52.1,0.499,4.34,36.9,0.705,3.08,42.4,0.613,3.53
W14×808,92.3,8.75,7.69,111,7.28,9.25,64.2,12.6,5.35,82.8,9.76,6.9
×730,90.4,8.08,7.53,108,6.76,9,62.7,11.6,5.23,80.6,9.06,6.72
×665,88.8,7.49,7.4,107,6.21,8.92,60.9,10.9,5.08,78.6,8.46,6.55
×605,86.9,6.96,7.24,104,5.82,8.67,59.2,10.2,4.93,76.6,7.9,6.38
×550,85.6,6.43,7.13,103,5.34,8.58,57.6,9.55,4.8,74.8,7.35,6.23
×500,84,5.95,7,101,4.95,8.42,56.2,8.9,4.68,73.2,6.83,6.1
×455,82.3,5.53,6.86,99.1,4.59,8.26,54.8,8.3,4.57,71.6,6.35,5.97
×426,81.8,5.21,6.82,98.5,4.32,8.21,54.1,7.87,4.51,70.8,6.02,5.9
×398,80.7,4.93,6.73,97.3,4.09,8.11,53.2,7.48,4.43,69.8,5.7,5.82
×370,79.9,4.63,6.66,96.4,3.84,8.03,52.3,7.07,4.36,68.8,5.38,5.73
×342,79.1,4.32,6.59,95.5,3.58,7.96,51.4,6.65,4.28,67.8,5.04,5.65
×311,78.1,3.98,6.51,94.3,3.3,7.86,50.4,6.17,4.2,66.6,4.67,5.55
×283,77.3,3.66,6.44,93.4,3.03,7.78,49.5,5.72,4.13,65.6,4.31,5.47
×257,76.5,3.36,6.38,92.5,2.78,7.71,48.8,5.27,4.07,64.8,3.97,5.4
×233,75.6,3.08,6.3,91.5,2.55,7.63,47.9,4.86,3.99,63.8,3.65,5.32
×211,75.2,2.81,6.27,91,2.32,7.58,47.2,4.47,3.93,63,3.35,5.25
×193,74.3,2.6,6.19,90,2.14,7.5,46.7,4.13,3.89,62.4,3.09,5.2
×176,74.1,2.38,6.18,89.8,1.96,7.48,46.1,3.82,3.84,61.8,2.85,5.15
×159,73.5,2.16,6.13,89.1,1.78,7.43,45.6,3.49,3.8,61.2,2.6,5.1
×145,72.7,1.99,6.06,88.2,1.64,7.35,45.1,3.22,3.76,60.6,2.39,5.05
W14×132,70,1.89,5.83,84.7,1.56,7.06,44.1,2.99,3.68,58.8,2.24,4.9
×120,70.1,1.71,5.84,84.8,1.42,7.07,43.7,2.75,3.64,58.4,2.05,4.87
×109,69.6,1.57,5.8,84.2,1.29,7.02,43.2,2.52,3.6,57.8,1.89,4.82
×99,69.2,1.43,5.77,83.8,1.18,6.98,43,2.3,3.58,57.6,1.72,4.8
×90,68.7,1.31,5.73,83.2,1.08,6.93,42.5,2.12,3.54,57,1.58,4.75
W14×82,56.5,1.45,4.71,66.6,1.23,5.55,38.7,2.12,3.23,48.8,1.68,4.07
×74,56.2,1.32,4.68,66.3,1.12,5.53,38.5,1.92,3.21,48.6,1.52,4.05
×68,55.7,1.22,4.64,65.7,1.04,5.48,38,1.79,3.17,48,1.42,4
×61,55.7,1.1,4.64,65.7,0.928,5.48,37.8,1.61,3.15,47.8,1.28,3.98
W14×53,49.8,1.06,4.15,57.9,0.915,4.83,35.9,1.48,2.99,43.9,1.21,3.66
×48,49.5,0.97,4.13,57.5,0.835,4.79,35.6,1.35,2.97,43.7,1.1,3.64
×43,49.2,0.874,4.1,57.2,0.752,4.77,35.4,1.21,2.95,43.4,0.991,3.62
W14×38,47,0.809,3.92,53.8,0.706,4.48,35,1.09,2.92,41.7,0.911,3.48
×34,46.9,0.725,3.91,53.7,0.633,4.48,34.8,0.977,2.9,41.5,0.819,3.46
×30,46.6,0.644,3.88,53.4,0.562,4.45,34.3,0.875,2.86,41.1,0.73,3.43
W14×26,41.4,0.628,3.45,46.5,0.559,3.88,32.8,0.793,2.73,37.9,0.686,3.16
×22,41.2,0.534,3.43,46.2,0.476,3.85,32.4,0.679,2.7,37.4,0.588,3.12
W12×336,69.3,4.85,5.78,82.7,4.06,6.89,47,7.15,3.92,60.4,5.56,5.03
×305,67.9,4.49,5.66,81.1,3.76,6.76,45.8,6.66,3.82,59,5.17,4.92
×279,66.6,4.19,5.55,79.7,3.5,6.64,44.9,6.21,3.74,58,4.81,4.83
×252,65.7,3.84,5.48,78.7,3.2,6.56,43.8,5.75,3.65,56.8,4.44,4.73
×230,64.7,3.55,5.39,77.6,2.96,6.47,43.1,5.34,3.59,56,4.11,4.67
×210,64.2,3.27,5.35,77,2.73,6.42,42.2,4.98,3.52,55,3.82,4.58
×190,63.4,3,5.28,76.1,2.5,6.34,41.5,4.58,3.46,54.2,3.51,4.52
×170,62.6,2.72,5.22,75.2,2.26,6.27,40.6,4.19,3.38,53.2,3.2,4.43
×152,62.1,2.45,5.18,74.6,2.04,6.22,39.9,3.81,3.33,52.4,2.9,4.37
×136,60.9,2.23,5.08,73.3,1.86,6.11,39.2,3.47,3.27,51.6,2.64,4.3
×120,60.4,1.99,5.03,72.7,1.65,6.06,38.5,3.12,3.21,50.8,2.36,4.23
×106,59.9,1.77,4.99,72.1,1.47,6.01,38,2.79,3.17,50.2,2.11,4.18
×96,59.7,1.61,4.98,71.9,1.34,5.99,37.6,2.55,3.13,49.8,1.93,4.15
×87,59.1,1.47,4.93,71.2,1.22,5.93,37.1,2.35,3.09,49.2,1.77,4.1
×79,58.8,1.34,4.9,70.9,1.11,5.91,36.9,2.14,3.08,49,1.61,4.08
×72,58.3,1.23,4.86,70.3,1.02,5.86,36.6,1.97,3.05,48.6,1.48,4.05
×65,58.3,1.11,4.86,70.3,0.925,5.86,36.2,1.8,3.02,48.2,1.35,4.02
W12×58,52.7,1.1,4.39,62.7,0.925,5.23,34.4,1.69,2.87,44.4,1.31,3.7
×53,52,1.02,4.33,62,0.855,5.17,34.2,1.55,2.85,44.2,1.2,3.68
W12×50,47,1.06,3.92,55,0.909,4.58,32.5,1.54,2.71,40.6,1.23,3.38
×45,46.2,0.974,3.85,54.3,0.829,4.53,32.3,1.39,2.69,40.3,1.12,3.36
×40,46.5,0.86,3.88,54.5,0.734,4.54,31.8,1.26,2.65,39.8,1.01,3.32
W12×35,43.2,0.81,3.6,49.8,0.703,4.15,31.6,1.11,2.63,38.1,0.919,3.18
×30,42.9,0.699,3.58,49.4,0.607,4.12,31.1,0.965,2.59,37.6,0.798,3.13
×26,42.5,0.612,3.54,49,0.531,4.08,30.9,0.841,2.58,37.4,0.695,3.12
W12×22,35.3,0.623,2.94,39.3,0.56,3.28,28.6,0.769,2.38,32.7,0.673,2.73
×19,35.2,0.54,2.93,39.2,0.485,3.27,28.4,0.669,2.37,32.4,0.586,2.7
×16,35,0.457,2.92,39,0.41,3.25,28,0.571,2.33,32,0.5,2.67
×14,34.6,0.405,2.88,38.6,0.363,3.22,27.8,0.504,2.32,31.7,0.442,2.64
W10×112,51.5,2.17,4.29,61.9,1.81,5.16,33.2,3.37,2.77,43.6,2.57,3.63
×100,50.7,1.97,4.23,61,1.64,5.08,32.5,3.08,2.71,42.8,2.34,3.57
×88,50.5,1.74,4.21,60.8,1.45,5.07,31.9,2.76,2.66,42.2,2.09,3.52
×77,49.9,1.54,4.16,60.1,1.28,5.01,31.4,2.45,2.62,41.6,1.85,3.47
×68,49.1,1.38,4.09,59.2,1.15,4.93,30.9,2.2,2.58,41,1.66,3.42
×60,49.1,1.22,4.09,59.2,1.01,4.93,30.5,1.97,2.54,40.6,1.48,3.38
×54,48.6,1.11,4.05,58.6,0.922,4.88,30.2,1.79,2.52,40.2,1.34,3.35
×49,48.3,1.01,4.03,58.3,0.84,4.86,30,1.63,2.5,40,1.23,3.33
W10×45,42.6,1.06,3.55,50.7,0.888,4.23,28.2,1.6,2.35,36.2,1.24,3.02
×39,42,0.929,3.5,50,0.78,4.17,27.8,1.4,2.32,35.8,1.09,2.98
×33,42,0.786,3.5,49.9,0.661,4.16,27.4,1.2,2.28,35.4,0.932,2.95
W10×30,37.1,0.809,3.09,42.9,0.699,3.58,26.8,1.12,2.23,32.6,0.92,2.72
×26,36.7,0.708,3.06,42.5,0.612,3.54,26.4,0.985,2.2,32.1,0.81,2.68
×22,36.3,0.606,3.03,42.1,0.523,3.51,26.2,0.84,2.18,31.9,0.69,2.66
W10×19,31.3,0.607,2.61,35.3,0.538,2.94,24.4,0.779,2.03,28.4,0.669,2.37
×17,31.3,0.543,2.61,35.3,0.482,2.94,24.2,0.702,2.02,28.2,0.603,2.35
×15,31,0.484,2.58,35,0.429,2.92,24,0.625,2,28,0.536,2.33
×12,30.6,0.392,2.55,34.6,0.347,2.88,23.7,0.506,1.98,27.7,0.433,2.31
W8×67,40.7,1.65,3.39,48.9,1.37,4.08,26.3,2.55,2.19,34.6,1.94,2.88
×58,40.2,1.44,3.35,48.5,1.2,4.04,25.7,2.26,2.14,33.9,1.71,2.83
×48,39.7,1.21,3.31,47.8,1,3.98,25.1,1.91,2.09,33.2,1.45,2.77
×40,39,1.03,3.25,47.1,0.849,3.93,24.6,1.63,2.05,32.6,1.23,2.72
×35,38.6,0.907,3.22,46.7,0.749,3.89,24.3,1.44,2.03,32.3,1.08,2.69
×31,38.6,0.803,3.22,46.6,0.665,3.88,24,1.29,2,32,0.969,2.67
W8×28,34.2,0.819,2.85,40.7,0.688,3.39,22.7,1.23,1.89,29.2,0.959,2.43
×24,34.1,0.704,2.84,40.6,0.591,3.38,22.4,1.07,1.87,28.9,0.83,2.41
W8×21,31.1,0.675,2.59,36.4,0.577,3.03,21.8,0.963,1.82,27.1,0.775,2.26
×18,30.9,0.583,2.58,36.1,0.499,3.01,21.5,0.837,1.79,26.8,0.672,2.23
W8×15,27.2,0.551,2.27,31.2,0.481,2.6,20.2,0.743,1.68,24.2,0.62,2.02
×13,26.9,0.483,2.24,30.9,0.421,2.58,20,0.65,1.67,24,0.542,2
×10,26.7,0.375,2.23,30.6,0.327,2.55,19.7,0.508,1.64,23.7,0.422,1.98
W6×25,29.8,0.839,2.48,35.9,0.696,2.99,18.8,1.33,1.57,24.9,1,2.08
×20,29.5,0.678,2.46,35.5,0.563,2.96,18.4,1.09,1.53,24.4,0.82,2.03
×15,28.8,0.521,2.4,34.8,0.431,2.9,18,0.833,1.5,24,0.625,2
W6×16,23.4,0.684,1.95,27.4,0.584,2.28,16.6,0.964,1.38,20.6,0.777,1.72
×12,22.8,0.526,1.9,26.8,0.448,2.23,16.1,0.745,1.34,20.1,0.597,1.68
×9,22.6,0.398,1.88,26.6,0.338,2.22,15.7,0.573,1.31,19.7,0.457,1.64
×8.5,22.7,0.374,1.89,26.6,0.32,2.22,15.6,0.545,1.3,19.5,0.436,1.63
W5×19,24.5,0.776,2.04,29.5,0.644,2.46,15.3,1.24,1.28,20.4,0.931,1.7
×16,24.1,0.664,2.01,29.1,0.55,2.43,15,1.07,1.25,20,0.8,1.67
W4×13,19.4,0.67,1.62,23.4,0.556,1.95,12.4,1.05,1.03,16.4,0.793,1.37
,,,,,,,,,,,,
%FOR,HSS,,,,,,,,,,,
HSS20×12×5/8,52.3,0.668,4.36,44.3,0.789,3.69,62,0.564,5.17,,,
×1/2,52.3,0.542,4.36,44.3,0.64,3.69,62.4,0.454,5.2,,,
×3/8,52.2,0.413,4.35,44.2,0.487,3.68,62.8,0.343,5.23,,,
×5/16,52.2,0.346,4.35,44.2,0.409,3.68,63,0.287,5.25,,,
HSS20×8×5/8,48.3,0.627,4.03,36.3,0.834,3.03,54,0.561,4.5,,,
×1/2,48.3,0.51,4.03,36.3,0.679,3.03,54.4,0.453,4.53,,,
×3/8,48.2,0.389,4.02,36.2,0.518,3.02,54.8,0.342,4.57,,,
×5/16,48.2,0.327,4.02,36.2,0.435,3.02,55,0.286,4.58,,,
HSS20×4×1/2,44.3,0.472,3.69,28.3,0.739,2.36,46.4,0.45,3.87,,,
×3/8,44.2,0.361,3.68,28.2,0.566,2.35,46.8,0.341,3.9,,,
×5/16,44.2,0.304,3.68,28.2,0.476,2.35,47,0.285,3.92,,,
HSS18×12×5/8,48.3,0.675,4.03,42.3,0.771,3.53,58,0.563,4.83,,,
×1/2,48.3,0.549,4.03,42.3,0.627,3.53,58.4,0.453,4.87,,,
×3/8,48.2,0.418,4.02,42.2,0.477,3.52,58.8,0.342,4.9,,,
HSS18×6×5/8,42.3,0.606,3.53,30.3,0.846,2.53,46,0.558,3.83,,,
×1/2,42.3,0.494,3.53,30.3,0.691,2.53,46.4,0.45,3.87,,,
×3/8,42.2,0.378,3.52,30.2,0.528,2.52,46.8,0.341,3.9,,,
×5/16,42.2,0.318,3.52,30.2,0.445,2.52,47,0.285,3.92,,,
×1/4,42.1,0.257,3.51,30.1,0.359,2.51,47.2,0.229,3.93,,,
HSS16×16×5/8,48.3,0.723,4.03,48.3,0.723,4.03,62,0.564,5.17,,,
×1/2,48.3,0.587,4.03,48.3,0.587,4.03,62.4,0.454,5.2,,,
×3/8,48.2,0.447,4.02,48.2,0.447,4.02,62.8,0.343,5.23,,,
×5/16,48.2,0.375,4.02,48.2,0.375,4.02,63,0.287,5.25,,,
HSS16×12×5/8,44.3,0.684,3.69,40.3,0.752,3.36,54,0.561,4.5,,,
×1/2,44.3,0.556,3.69,40.3,0.611,3.36,54.4,0.453,4.53,,,
×3/8,44.2,0.424,3.68,40.2,0.466,3.35,54.8,0.342,4.57,,,
×5/16,44.2,0.356,3.68,40.2,0.392,3.35,55,0.286,4.58,,,
HSS16×8×5/8,40.3,0.636,3.36,32.3,0.794,2.69,46,0.558,3.83,,,
×1/2,40.3,0.519,3.36,32.3,0.648,2.69,46.4,0.45,3.87,,,
×3/8,40.2,0.397,3.35,32.2,0.495,2.68,46.8,0.341,3.9,,,
×5/16,40.2,0.334,3.35,32.2,0.417,2.68,47,0.285,3.92,,,
HSS16×4×1/2,36.3,0.474,3.03,24.3,0.708,2.03,38.4,0.447,3.2,,,
×3/8,36.2,0.364,3.02,24.2,0.544,2.02,38.8,0.339,3.23,,,
×5/16,36.2,0.306,3.02,24.2,0.459,2.02,39,0.284,3.25,,,
HSS14×14×5/8,42.3,0.716,3.53,42.3,0.716,3.53,54,0.561,4.5,,,
×1/2,42.3,0.582,3.53,42.3,0.582,3.53,54.4,0.453,4.53,,,
×3/8,42.2,0.444,3.52,42.2,0.444,3.52,54.8,0.342,4.57,,,
×5/16,42.2,0.373,3.52,42.2,0.373,3.52,55,0.286,4.58,,,
HSS14×12×1/2,40.3,0.565,3.36,38.3,0.595,3.19,50.4,0.452,4.2,,,
×3/8,40.2,0.432,3.35,38.2,0.454,3.18,50.8,0.341,4.23,,,
HSS14×10×5/8,38.3,0.67,3.19,34.3,0.748,2.86,46,0.558,3.83,,,
×1/2,38.3,0.546,3.19,34.3,0.61,2.86,46.4,0.45,3.87,,,
×3/8,38.2,0.418,3.18,34.2,0.466,2.85,46.8,0.341,3.9,,,
×5/16,38.2,0.351,3.18,34.2,0.393,2.85,47,0.285,3.92,,,
×1/4,38.1,0.284,3.18,34.1,0.317,2.84,47.2,0.229,3.93,,,
HSS14×6×5/8,34.3,0.612,2.86,26.3,0.798,2.19,38,0.553,3.17,,,
×1/2,34.3,0.501,2.86,26.3,0.654,2.19,38.4,0.447,3.2,,,
×3/8,34.2,0.385,2.85,26.2,0.502,2.18,38.8,0.339,3.23,,,
×5/16,34.2,0.324,2.85,26.2,0.424,2.18,39,0.284,3.25,,,
×1/4,34.1,0.263,2.84,26.1,0.343,2.18,39.2,0.229,3.27,,,
×3/16,34.1,0.198,2.84,26.1,0.259,2.18,39.4,0.172,3.28,,,
HSS14×4×5/8,32.3,0.578,2.69,22.3,0.837,1.86,34,0.55,2.83,,,
×1/2,32.3,0.475,2.69,22.3,0.688,1.86,34.4,0.445,2.87,,,
×3/8,32.2,0.365,2.68,22.2,0.53,1.85,34.8,0.338,2.9,,,
×5/16,32.2,0.308,2.68,22.2,0.448,1.85,35,0.283,2.92,,,
×1/4,32.1,0.25,2.68,22.1,0.363,1.84,35.2,0.228,2.93,,,
×3/16,32.1,0.189,2.68,22.1,0.274,1.84,35.4,0.171,2.95,,,
HSS12×12×5/8,36.3,0.707,3.03,36.3,0.707,3.03,46,0.558,3.83,,,
×1/2,36.3,0.576,3.03,36.3,0.576,3.03,46.4,0.45,3.87,,,
×3/8,36.2,0.441,3.02,36.2,0.441,3.02,46.8,0.341,3.9,,,
×5/16,36.2,0.371,3.02,36.2,0.371,3.02,47,0.285,3.92,,,
×1/4,36.1,0.3,3.01,36.1,0.3,3.01,47.2,0.229,3.93,,,
HSS12×10×1/2,34.3,0.556,2.86,32.3,0.59,2.69,42.4,0.449,3.53,,,
×3/8,34.2,0.426,2.85,32.2,0.452,2.68,42.8,0.34,3.57,,,
×5/16,34.2,0.358,2.85,32.2,0.381,2.68,43,0.285,3.58,,,
×1/4,34.1,0.29,2.84,32.1,0.308,2.68,43.2,0.229,3.6,,,
HSS12×8×5/8,32.3,0.65,2.69,28.3,0.742,2.36,38,0.553,3.17,,,
×1/2,32.3,0.532,2.69,28.3,0.608,2.36,38.4,0.447,3.2,,,
×3/8,32.2,0.409,2.68,28.2,0.467,2.35,38.8,0.339,3.23,,,
×5/16,32.2,0.345,2.68,28.2,0.394,2.35,39,0.284,3.25,,,
×1/4,32.1,0.279,2.68,28.1,0.319,2.34,39.2,0.229,3.27,,,
×3/16,32.1,0.211,2.68,28.1,0.241,2.34,39.4,0.172,3.28,,,
HSS12×6×5/8,30.3,0.616,2.53,24.3,0.768,2.03,34,0.55,2.83,,,
×1/2,30.3,0.506,2.53,24.3,0.631,2.03,34.4,0.445,2.87,,,
×3/8,30.2,0.39,2.52,24.2,0.486,2.02,34.8,0.338,2.9,,,
×5/16,30.2,0.329,2.52,24.2,0.41,2.02,35,0.283,2.92,,,
×1/4,30.1,0.267,2.51,24.1,0.333,2.01,35.2,0.228,2.93,,,
×3/16,30.1,0.202,2.51,24.1,0.252,2.01,35.4,0.171,2.95,,,
HSS12×4×5/8,28.3,0.578,2.36,20.3,0.805,1.69,30,0.546,2.5,,,
×1/2,28.3,0.476,2.36,20.3,0.664,1.69,30.4,0.443,2.53,,,
×3/8,28.2,0.368,2.35,20.2,0.513,1.68,30.8,0.337,2.57,,,
×5/16,28.2,0.311,2.35,20.2,0.434,1.68,31,0.282,2.58,,,
×1/4,28.1,0.252,2.34,20.1,0.353,1.68,31.2,0.228,2.6,,,
×3/16,28.1,0.191,2.34,20.1,0.267,1.68,31.4,0.171,2.62,,,
HSS12×31/2×3/8,27.7,0.362,2.31,19.2,0.522,1.6,29.8,0.336,2.48,,,
×5/16,27.7,0.306,2.31,19.2,0.442,1.6,30,0.282,2.5,,,
HSS12×3×5/16,27.2,0.301,2.27,18.2,0.45,1.52,29,0.282,2.42,,,
×1/4,27.1,0.244,2.26,18.1,0.366,1.51,29.2,0.227,2.43,,,
×3/16,27.1,0.185,2.26,18.1,0.277,1.51,29.4,0.171,2.45,,,
HSS12×2×1/4,26.1,0.236,2.18,16.1,0.382,1.34,27.2,0.227,2.27,,,
×3/16,26.1,0.179,2.18,16.1,0.29,1.34,27.4,0.171,2.28,,,
HSS10×10×5/8,30.3,0.693,2.53,30.3,0.693,2.53,38,0.553,3.17,,,
×1/2,30.3,0.568,2.53,30.3,0.568,2.53,38.4,0.447,3.2,,,
×3/8,30.2,0.436,2.52,30.2,0.436,2.52,38.8,0.339,3.23,,,
×5/16,30.2,0.367,2.52,30.2,0.367,2.52,39,0.284,3.25,,,
×1/4,30.1,0.297,2.51,30.1,0.297,2.51,39.2,0.229,3.27,,,
×3/16,30.1,0.225,2.51,30.1,0.225,2.51,39.4,0.172,3.28,,,
HSS10×8×1/2,28.3,0.542,2.36,26.3,0.583,2.19,34.4,0.445,2.87,,,
×3/8,28.2,0.417,2.35,26.2,0.449,2.18,34.8,0.338,2.9,,,
×5/16,28.2,0.352,2.35,26.2,0.379,2.18,35,0.283,2.92,,,
×1/4,28.1,0.285,2.34,26.1,0.307,2.18,35.2,0.228,2.93,,,
×3/16,28.1,0.216,2.34,26.1,0.232,2.18,35.4,0.171,2.95,,,
HSS10×6×5/8,26.3,0.622,2.19,22.3,0.733,1.86,30,0.546,2.5,,,
×1/2,26.3,0.512,2.19,22.3,0.605,1.86,30.4,0.443,2.53,,,
×3/8,26.2,0.396,2.18,22.2,0.467,1.85,30.8,0.337,2.57,,,
×5/16,26.2,0.335,2.18,22.2,0.395,1.85,31,0.282,2.58,,,
×1/4,26.1,0.272,2.18,22.1,0.321,1.84,31.2,0.228,2.6,,,
×3/16,26.1,0.206,2.18,22.1,0.243,1.84,31.4,0.171,2.62,,,
HSS10×5×3/8,25.2,0.384,2.1,20.2,0.479,1.68,28.8,0.336,2.4,,,
×5/16,25.2,0.325,2.1,20.2,0.405,1.68,29,0.282,2.42,,,
×1/4,25.1,0.264,2.09,20.1,0.329,1.68,29.2,0.227,2.43,,,
×3/16,25.1,0.2,2.09,20.1,0.25,1.68,29.4,0.171,2.45,,,
HSS10×4×5/8,24.3,0.577,2.03,18.3,0.766,1.53,26,0.54,2.17,,,
×1/2,24.3,0.478,2.03,18.3,0.635,1.53,26.4,0.439,2.2,,,
×3/8,24.2,0.371,2.02,18.2,0.493,1.52,26.8,0.335,2.23,,,
×5/16,24.2,0.314,2.02,18.2,0.418,1.52,27,0.281,2.25,,,
×1/4,24.1,0.256,2.01,18.1,0.34,1.51,27.2,0.227,2.27,,,
×3/16,24.1,0.194,2.01,18.1,0.258,1.51,27.4,0.171,2.28,,,
HSS10×31/2×3/16,23.6,0.191,1.97,17.1,0.263,1.43,26.4,0.17,2.2,,,
HSS10×3×3/8,23.2,0.357,1.93,16.2,0.511,1.35,24.8,0.334,2.07,,,
×5/16,23.2,0.303,1.93,16.2,0.434,1.35,25,0.28,2.08,,,
×1/4,23.1,0.246,1.93,16.1,0.353,1.34,25.2,0.226,2.1,,,
×3/16,23.1,0.187,1.93,16.1,0.269,1.34,25.4,0.17,2.12,,,
×1/8,23.1,0.127,1.93,16.1,0.182,1.34,25.6,0.114,2.13,,,
HSS10×2×3/8,22.2,0.341,1.85,14.2,0.534,1.18,22.8,0.332,1.9,,,
×5/16,22.2,0.29,1.85,14.2,0.454,1.18,23,0.279,1.92,,,
×1/4,22.1,0.237,1.84,14.1,0.37,1.18,23.2,0.226,1.93,,,
×3/16,22.1,0.18,1.84,14.1,0.282,1.18,23.4,0.17,1.95,,,
HSS9×7×5/8,25.3,0.646,2.11,23.3,0.702,1.94,30,0.546,2.5,,,
×1/2,25.3,0.533,2.11,23.3,0.579,1.94,30.4,0.443,2.53,,,
×3/8,25.2,0.411,2.1,23.2,0.447,1.93,30.8,0.337,2.57,,,
×5/16,25.2,0.348,2.1,23.2,0.378,1.93,31,0.282,2.58,,,
×1/4,25.1,0.282,2.09,23.1,0.307,1.93,31.2,0.228,2.6,,,
×3/16,25.1,0.214,2.09,23.1,0.232,1.93,31.4,0.171,2.62,,,
HSS9×5×5/8,23.3,0.602,1.94,19.3,0.727,1.61,26,0.54,2.17,,,
×1/2,23.3,0.499,1.94,19.3,0.602,1.61,26.4,0.439,2.2,,,
×3/8,23.2,0.387,1.93,19.2,0.467,1.6,26.8,0.335,2.23,,,
×5/16,23.2,0.328,1.93,19.2,0.396,1.6,27,0.281,2.25,,,
×1/4,23.1,0.267,1.93,19.1,0.322,1.59,27.2,0.227,2.27,,,
×3/16,23.1,0.202,1.93,19.1,0.245,1.59,27.4,0.171,2.28,,,
HSS9×3×1/2,21.3,0.458,1.78,15.3,0.638,1.28,22.4,0.435,1.87,,,
×3/8,21.2,0.357,1.77,15.2,0.498,1.27,22.8,0.332,1.9,,,
×5/16,21.2,0.304,1.77,15.2,0.424,1.27,23,0.279,1.92,,,
×1/4,21.1,0.248,1.76,15.1,0.346,1.26,23.2,0.226,1.93,,,
×3/16,21.1,0.188,1.76,15.1,0.263,1.26,23.4,0.17,1.95,,,
HSS8×8×5/8,24.3,0.673,2.03,24.3,0.673,2.03,30,0.546,2.5,,,
×1/2,24.3,0.555,2.03,24.3,0.555,2.03,30.4,0.443,2.53,,,
×3/8,24.2,0.428,2.02,24.2,0.428,2.02,30.8,0.337,2.57,,,
×5/16,24.2,0.362,2.02,24.2,0.362,2.02,31,0.282,2.58,,,
×1/4,24.1,0.294,2.01,24.1,0.294,2.01,31.2,0.228,2.6,,,
×3/16,24.1,0.223,2.01,24.1,0.223,2.01,31.4,0.171,2.62,,,
HSS8×6×5/8,22.3,0.629,1.86,20.3,0.691,1.69,26,0.54,2.17,,,
×1/2,22.3,0.521,1.86,20.3,0.572,1.69,26.4,0.439,2.2,,,
×3/8,22.2,0.404,1.85,20.2,0.444,1.68,26.8,0.335,2.23,,,
×5/16,22.2,0.342,1.85,20.2,0.376,1.68,27,0.281,2.25,,,
×1/4,22.1,0.279,1.84,20.1,0.306,1.68,27.2,0.227,2.27,,,
×3/16,22.1,0.211,1.84,20.1,0.233,1.68,27.4,0.171,2.28,,,
HSS8×4×5/8,20.3,0.577,1.69,16.3,0.718,1.36,22,0.533,1.83,,,
×1/2,20.3,0.481,1.69,16.3,0.599,1.36,22.4,0.435,1.87,,,
×3/8,20.2,0.375,1.68,16.2,0.468,1.35,22.8,0.332,1.9,,,
×5/16,20.2,0.319,1.68,16.2,0.398,1.35,23,0.279,1.92,,,
×1/4,20.1,0.26,1.68,16.1,0.325,1.34,23.2,0.226,1.93,,,
×3/16,20.1,0.198,1.68,16.1,0.247,1.34,23.4,0.17,1.95,,,
×1/8,20.1,0.134,1.68,16.1,0.168,1.34,23.6,0.114,1.97,,,
HSS8×3×1/2,19.3,0.457,1.61,14.3,0.618,1.19,20.4,0.432,1.7,,,
×3/8,19.2,0.358,1.6,14.2,0.484,1.18,20.8,0.331,1.73,,,
×5/16,19.2,0.305,1.6,14.2,0.413,1.18,21,0.278,1.75,,,
×1/4,19.1,0.249,1.59,14.1,0.337,1.18,21.2,0.225,1.77,,,
×3/16,19.1,0.19,1.59,14.1,0.257,1.18,21.4,0.17,1.78,,,
×1/8,19.1,0.129,1.59,14.1,0.175,1.18,21.6,0.114,1.8,,,
HSS8×2×3/8,18.2,0.34,1.52,12.2,0.507,1.02,18.8,0.329,1.57,,,
×5/16,18.2,0.29,1.52,12.2,0.433,1.02,19,0.277,1.58,,,
×1/4,18.1,0.237,1.51,12.1,0.355,1.01,19.2,0.224,1.6,,,
×3/16,18.1,0.181,1.51,12.1,0.271,1.01,19.4,0.169,1.62,,,
×1/8,18.1,0.124,1.51,12.1,0.185,1.01,19.6,0.114,1.63,,,
HSS7×7×5/8,21.3,0.659,1.78,21.3,0.659,1.78,26,0.54,2.17,,,
×1/2,21.3,0.545,1.78,21.3,0.545,1.78,26.4,0.439,2.2,,,
×3/8,21.2,0.423,1.77,21.2,0.423,1.77,26.8,0.335,2.23,,,
×5/16,21.2,0.359,1.77,21.2,0.359,1.77,27,0.281,2.25,,,
×1/4,21.1,0.292,1.76,21.1,0.292,1.76,27.2,0.227,2.27,,,
×3/16,21.1,0.221,1.76,21.1,0.221,1.76,27.4,0.171,2.28,,,
HSS7×5×5/8,19.3,0.607,1.61,17.3,0.677,1.44,22,0.533,1.83,,,
×1/2,19.3,0.506,1.61,17.3,0.564,1.44,22.4,0.435,1.87,,,
×3/8,19.2,0.395,1.6,17.2,0.44,1.43,22.8,0.332,1.9,,,
×5/16,19.2,0.335,1.6,17.2,0.374,1.43,23,0.279,1.92,,,
×1/4,19.1,0.274,1.59,17.1,0.306,1.43,23.2,0.226,1.93,,,
×3/16,19.1,0.208,1.59,17.1,0.233,1.43,23.4,0.17,1.95,,,
×1/8,19.1,0.141,1.59,17.1,0.158,1.43,23.6,0.114,1.97,,,
HSS7×4×1/2,18.3,0.482,1.53,15.3,0.577,1.28,20.4,0.432,1.7,,,
×3/8,18.2,0.378,1.52,15.2,0.453,1.27,20.8,0.331,1.73,,,
×5/16,18.2,0.322,1.52,15.2,0.385,1.27,21,0.278,1.75,,,
×1/4,18.1,0.263,1.51,15.1,0.315,1.26,21.2,0.225,1.77,,,
×3/16,18.1,0.201,1.51,15.1,0.24,1.26,21.4,0.17,1.78,,,
×1/8,18.1,0.136,1.51,15.1,0.164,1.26,21.6,0.114,1.8,,,
HSS7×3×1/2,17.3,0.456,1.44,13.3,0.594,1.11,18.4,0.428,1.53,,,
×3/8,17.2,0.359,1.43,13.2,0.468,1.1,18.8,0.329,1.57,,,
×5/16,17.2,0.307,1.43,13.2,0.4,1.1,19,0.277,1.58,,,
×1/4,17.1,0.251,1.43,13.1,0.328,1.09,19.2,0.224,1.6,,,
×3/16,17.1,0.192,1.43,13.1,0.25,1.09,19.4,0.169,1.62,,,
×1/8,17.1,0.131,1.43,13.1,0.171,1.09,19.6,0.114,1.63,,,
HSS6×6×5/8,18.3,0.64,1.53,18.3,0.64,1.53,22,0.533,1.83,,,
×1/2,18.3,0.533,1.53,18.3,0.533,1.53,22.4,0.435,1.87,,,
×3/8,18.2,0.416,1.52,18.2,0.416,1.52,22.8,0.332,1.9,,,
×5/16,18.2,0.354,1.52,18.2,0.354,1.52,23,0.279,1.92,,,
×1/4,18.1,0.289,1.51,18.1,0.289,1.51,23.2,0.226,1.93,,,
×3/16,18.1,0.22,1.51,18.1,0.22,1.51,23.4,0.17,1.95,,,
×1/8,18.1,0.149,1.51,18.1,0.149,1.51,23.6,0.114,1.97,,,
HSS6×5×3/8,17.2,0.4,1.43,16.2,0.425,1.35,20.8,0.331,1.73,,,
×5/16,17.2,0.341,1.43,16.2,0.362,1.35,21,0.278,1.75,,,
×1/4,17.1,0.278,1.43,16.1,0.296,1.34,21.2,0.225,1.77,,,
×3/16,17.1,0.212,1.43,16.1,0.225,1.34,21.4,0.17,1.78,,,
HSS6×4×1/2,16.3,0.484,1.36,14.3,0.552,1.19,18.4,0.428,1.53,,,
×3/8,16.2,0.381,1.35,14.2,0.435,1.18,18.8,0.329,1.57,,,
×5/16,16.2,0.326,1.35,14.2,0.372,1.18,19,0.277,1.58,,,
×1/4,16.1,0.267,1.34,14.1,0.304,1.18,19.2,0.224,1.6,,,
×3/16,16.1,0.204,1.34,14.1,0.233,1.18,19.4,0.169,1.62,,,
×1/8,16.1,0.139,1.34,14.1,0.159,1.18,19.6,0.114,1.63,,,
HSS6×3×1/2,15.3,0.455,1.28,12.3,0.567,1.03,16.4,0.424,1.37,,,
×3/8,15.2,0.361,1.27,12.2,0.449,1.02,16.8,0.326,1.4,,,
×5/16,15.2,0.309,1.27,12.2,0.385,1.02,17,0.275,1.42,,,
×1/4,15.1,0.254,1.26,12.1,0.316,1.01,17.2,0.223,1.43,,,
×3/16,15.1,0.194,1.26,12.1,0.242,1.01,17.4,0.169,1.45,,,
×1/8,15.1,0.133,1.26,12.1,0.166,1.01,17.6,0.114,1.47,,,
HSS6×2×3/8,14.2,0.337,1.18,10.2,0.469,0.85,14.8,0.323,1.23,,,
×5/16,14.2,0.289,1.18,10.2,0.403,0.85,15,0.273,1.25,,,
×1/4,14.1,0.239,1.18,10.1,0.333,0.842,15.2,0.222,1.27,,,
×3/16,14.1,0.183,1.18,10.1,0.256,0.842,15.4,0.168,1.28,,,
×1/8,14.1,0.126,1.18,10.1,0.176,0.842,15.6,0.113,1.3,,,
HSS51/2×51/2×3/8,16.7,0.412,1.39,16.7,0.412,1.39,20.8,0.331,1.73,,,
×5/16,16.7,0.351,1.39,16.7,0.351,1.39,21,0.278,1.75,,,
×1/4,16.6,0.287,1.38,16.6,0.287,1.38,21.2,0.225,1.77,,,
×3/16,16.6,0.219,1.38,16.6,0.219,1.38,21.4,0.17,1.78,,,
×1/8,16.6,0.149,1.38,16.6,0.149,1.38,21.6,0.114,1.8,,,
HSS5×5×1/2,15.3,0.516,1.28,15.3,0.516,1.28,18.4,0.428,1.53,,,
×3/8,15.2,0.407,1.27,15.2,0.407,1.27,18.8,0.329,1.57,,,
×5/16,15.2,0.347,1.27,15.2,0.347,1.27,19,0.277,1.58,,,
×1/4,15.1,0.284,1.26,15.1,0.284,1.26,19.2,0.224,1.6,,,
×3/16,15.1,0.217,1.26,15.1,0.217,1.26,19.4,0.169,1.62,,,
×1/8,15.1,0.148,1.26,15.1,0.148,1.26,19.6,0.114,1.63,,,
HSS5×4×1/2,14.3,0.487,1.19,13.3,0.524,1.11,16.4,0.424,1.37,,,
×3/8,14.2,0.386,1.18,13.2,0.415,1.1,16.8,0.326,1.4,,,
×5/16,14.2,0.33,1.18,13.2,0.356,1.1,17,0.275,1.42,,,
×1/4,14.1,0.272,1.18,13.1,0.292,1.09,17.2,0.223,1.43,,,
×3/16,14.1,0.208,1.18,13.1,0.224,1.09,17.4,0.169,1.45,,,
HSS5×3×1/2,13.3,0.454,1.11,11.3,0.534,0.942,14.4,0.418,1.2,,,
×3/8,13.2,0.362,1.1,11.2,0.427,0.933,14.8,0.323,1.23,,,
×5/16,13.2,0.311,1.1,11.2,0.367,0.933,15,0.273,1.25,,,
×1/4,13.1,0.257,1.09,11.1,0.303,0.925,15.2,0.222,1.27,,,
×3/16,13.1,0.197,1.09,11.1,0.233,0.925,15.4,0.168,1.28,,,
×1/8,13.1,0.135,1.09,11.1,0.16,0.925,15.6,0.113,1.3,,,
HSS5×21/2×1/4,12.6,0.248,1.05,10.1,0.31,0.842,14.2,0.221,1.18,,,
×3/16,12.6,0.191,1.05,10.1,0.239,0.842,14.4,0.167,1.2,,,
×1/8,12.6,0.131,1.05,10.1,0.164,0.842,14.6,0.113,1.22,,,
HSS5×2×3/8,12.2,0.335,1.02,9.2,0.444,0.767,12.8,0.319,1.07,,,
×5/16,12.2,0.289,1.02,9.16,0.384,0.763,13,0.271,1.08,,,
×1/4,12.1,0.239,1.01,9.13,0.318,0.761,13.2,0.22,1.1,,,
×3/16,12.1,0.185,1.01,9.1,0.246,0.758,13.4,0.167,1.12,,,
×1/8,12.1,0.127,1.01,9.07,0.169,0.756,13.6,0.113,1.13,,,
HSS41/2×41/2×1/2,13.8,0.505,1.15,13.8,0.505,1.15,16.4,0.424,1.37,,,
×3/8,13.7,0.4,1.14,13.7,0.4,1.14,16.8,0.326,1.4,,,
×5/16,13.7,0.343,1.14,13.7,0.343,1.14,17,0.275,1.42,,,
×1/4,13.6,0.281,1.13,13.6,0.281,1.13,17.2,0.223,1.43,,,
×3/16,13.6,0.216,1.13,13.6,0.216,1.13,17.4,0.169,1.45,,,
×1/8,13.6,0.147,1.13,13.6,0.147,1.13,17.6,0.114,1.47,,,
HSS4×4×1/2,12.3,0.491,1.03,12.3,0.491,1.03,14.4,0.418,1.2,,,
×3/8,12.2,0.392,1.02,12.2,0.392,1.02,14.8,0.323,1.23,,,
×5/16,12.2,0.337,1.02,12.2,0.337,1.02,15,0.273,1.25,,,
×1/4,12.1,0.278,1.01,12.1,0.278,1.01,15.2,0.222,1.27,,,
×3/16,12.1,0.214,1.01,12.1,0.214,1.01,15.4,0.168,1.28,,,
×1/8,12.1,0.146,1.01,12.1,0.146,1.01,15.6,0.113,1.3,,,
HSS4×3×3/8,11.2,0.365,0.933,10.2,0.401,0.85,12.8,0.319,1.07,,,
×5/16,11.2,0.315,0.933,10.2,0.346,0.85,13,0.271,1.08,,,
×1/4,11.1,0.261,0.925,10.1,0.287,0.842,13.2,0.22,1.1,,,
×3/16,11.1,0.202,0.925,10.1,0.222,0.842,13.4,0.167,1.12,,,
×1/8,11.1,0.139,0.925,10.1,0.153,0.842,13.6,0.113,1.13,,,
HSS4×21/2×5/16,10.7,0.303,0.892,9.16,0.352,0.763,12,0.269,1,,,
×1/4,10.6,0.251,0.883,9.13,0.293,0.761,12.2,0.219,1.02,,,
×3/16,10.6,0.195,0.883,9.1,0.227,0.758,12.4,0.166,1.03,,,
HSS4×2×3/8,10.2,0.332,0.85,8.2,0.413,0.683,10.8,0.314,0.9,,,
×5/16,10.2,0.289,0.85,8.16,0.359,0.68,11,0.267,0.917,,,
×1/4,10.1,0.241,0.842,8.13,0.3,0.678,11.2,0.218,0.933,,,
×3/16,10.1,0.187,0.842,8.1,0.233,0.675,11.4,0.166,0.95,,,
×1/8,10.1,0.13,0.842,8.07,0.162,0.673,11.6,0.112,0.967,,,
HSS31/2×31/2×3/8,10.7,0.382,0.892,10.7,0.382,0.892,12.8,0.319,1.07,,,
×5/16,10.7,0.33,0.892,10.7,0.33,0.892,13,0.271,1.08,,,
×1/4,10.6,0.273,0.883,10.6,0.273,0.883,13.2,0.22,1.1,,,
×3/16,10.6,0.211,0.883,10.6,0.211,0.883,13.4,0.167,1.12,,,
×1/8,10.6,0.145,0.883,10.6,0.145,0.883,13.6,0.113,1.13,,,
HSS31/2×21/2×3/8,9.7,0.349,0.808,8.7,0.389,0.725,10.8,0.314,0.9,,,
×5/16,9.66,0.304,0.805,8.66,0.339,0.722,11,0.267,0.917,,,
×1/4,9.63,0.253,0.803,8.63,0.283,0.719,11.2,0.218,0.933,,,
×3/16,9.6,0.197,0.8,8.6,0.22,0.717,11.4,0.166,0.95,,,
×1/8,9.57,0.136,0.798,8.57,0.152,0.714,11.6,0.112,0.967,,,
HSS3×3×3/8,9.2,0.368,0.767,9.2,0.368,0.767,10.8,0.314,0.9,,,
×5/16,9.16,0.32,0.763,9.16,0.32,0.763,11,0.267,0.917,,,
×1/4,9.13,0.267,0.761,9.13,0.267,0.761,11.2,0.218,0.933,,,
×3/16,9.1,0.208,0.758,9.1,0.208,0.758,11.4,0.166,0.95,,,
×1/8,9.07,0.144,0.756,9.07,0.144,0.756,11.6,0.112,0.967,,,
HSS3×21/2×5/16,8.66,0.305,0.722,8.16,0.324,0.68,10,0.264,0.833,,,
×1/4,8.63,0.256,0.719,8.13,0.271,0.678,10.2,0.216,0.85,,,
×3/16,8.6,0.199,0.717,8.1,0.212,0.675,10.4,0.165,0.867,,,
×1/8,8.57,0.139,0.714,8.07,0.147,0.673,10.6,0.112,0.883,,,
HSS3×2×5/16,8.16,0.288,0.68,7.16,0.328,0.597,9,0.261,0.75,,,
×1/4,8.13,0.243,0.678,7.13,0.277,0.594,9.2,0.214,0.767,,,
×3/16,8.1,0.19,0.675,7.1,0.217,0.592,9.4,0.164,0.783,,,
×1/8,8.07,0.133,0.673,7.07,0.152,0.589,9.6,0.112,0.8,,,
HSS3×11/2×1/4,7.63,0.228,0.636,6.13,0.284,0.511,8.2,0.212,0.683,,,
×3/16,7.6,0.18,0.633,6.1,0.224,0.508,8.4,0.163,0.7,,,
×1/8,7.57,0.126,0.631,6.07,0.158,0.506,8.6,0.111,0.717,,,
HSS3×1×1/8,7.07,0.119,0.589,5.07,0.166,0.423,7.6,0.11,0.633,,,
HSS21/2×21/2×5/16,7.66,0.31,0.638,7.66,0.307,0.638,9,0.261,0.75,,,
×1/4,7.63,0.259,0.636,7.63,0.259,0.636,9.2,0.214,0.767,,,
×3/16,7.6,0.203,0.633,7.6,0.203,0.633,9.4,0.164,0.783,,,
×1/8,7.57,0.142,0.631,7.57,0.142,0.631,9.6,0.112,0.8,,,
HSS21/2×11/2×1/4,6.63,0.227,0.553,5.63,0.268,0.469,7.2,0.209,0.6,,,
×3/16,6.6,0.181,0.55,5.6,0.213,0.467,7.4,0.161,0.617,,,
×1/8,6.57,0.128,0.548,5.57,0.151,0.464,7.6,0.11,0.633,,,
HSS21/4×21/4×1/4,6.13,0.253,0.511,6.13,0.253,0.511,7.2,0.212,0.6,,,
×3/16,6.85,0.2,0.571,6.85,0.2,0.571,8.4,0.163,0.7,,,
×1/8,6.82,0.14,0.568,6.82,0.14,0.568,8.6,0.111,0.717,,,
HSS2×2×1/4,6.13,0.246,0.511,6.13,0.246,0.511,7.2,0.209,0.6,,,
×3/16,6.1,0.196,0.508,6.1,0.196,0.508,7.4,0.161,0.617,,,
×1/8,6.07,0.138,0.506,6.07,0.138,0.506,7.6,0.11,0.633,,,
HSS2×11/2×3/16,5.6,0.182,0.467,5.1,0.2,0.425,6.4,0.159,0.533,,,
HSS2×1×3/16,5.1,0.166,0.425,4.1,0.206,0.342,5.4,0.156,0.45,,,
×1/8,5.07,0.12,0.423,4.07,0.149,0.339,5.6,0.108,0.467,,,
HSS13/4×13/4×3/16,5.35,0.191,0.446,5.35,0.191,0.446,6.4,0.159,0.533,,,
HSS15/8×15/8×3/16,4.97,0.187,0.414,4.97,0.187,0.414,5.9,0.158,0.492,,,
×1/8,4.94,0.135,0.412,4.94,0.135,0.412,6.1,0.109,0.508,,,
HSS11/2×11/2×3/16,4.6,0.184,0.383,4.6,0.184,0.383,5.4,0.156,0.45,,,
×1/8,4.57,0.133,0.381,4.57,0.133,0.381,5.6,0.108,0.467,,,
HSS11/4×11/4×3/16,3.85,0.174,0.321,3.85,0.174,0.321,4.4,0.152,0.367,,,
×1/8,3.82,0.129,0.318,3.82,0.129,0.318,4.6,0.107,0.383,,,
FOR,2L,SHAPE,,,,,,,,,,
2L8×8×11/8,32.2,3.55,2.68,49,3.55,4.08,32.8,3.49,2.73,49.5,2.31,4.13
×1,32.2,3.19,2.68,49,2.09,4.08,32.8,3.13,2.73,49.5,2.07,4.13
×7/8,32.2,2.81,2.68,49,1.85,4.08,32.8,2.76,2.73,49.5,1.83,4.13
×3/4,32.2,2.43,2.68,49,1.6,4.08,32.8,2.39,2.73,49.5,1.58,4.13
×5/8,32.2,2.05,2.68,49,1.35,4.08,32.8,2.01,2.73,49.5,1.33,4.13
×9/16,32.2,1.85,2.68,49,1.22,4.08,32.8,1.82,2.73,49.5,1.2,4.13
×1/2,32.2,1.66,2.68,49,1.09,4.08,32.8,1.63,2.73,49.5,1.08,4.13
2L6×6×1,24.3,3.09,2.03,37.1,2.02,3.09,24.8,3.02,2.07,37.5,2,3.13
×7/8,24.3,2.73,2.03,37.1,1.79,3.09,24.8,2.68,2.07,37.5,1.77,3.13
×3/4,24.3,2.37,2.03,37.1,1.55,3.09,24.8,2.32,2.07,37.5,1.54,3.13
×5/8,24.3,2,2.03,37.1,1.31,3.09,24.8,1.96,2.07,37.5,1.3,3.13
×9/16,24.3,1.81,2.03,37.1,1.19,3.09,24.8,1.77,2.07,37.5,1.17,3.13
×1/2,24.3,1.61,2.03,37.1,1.06,3.09,24.8,1.58,2.07,37.5,1.05,3.13
×7/16,24.3,1.42,2.03,37.1,0.933,3.09,24.8,1.4,2.07,37.5,0.923,3.13
×3/8,24.3,1.23,2.03,37.1,0.803,3.09,24.8,1.2,2.07,37.5,0.795,3.13
×5/16,24.3,1.03,2.03,37.1,0.674,3.09,24.8,1.01,2.07,37.5,0.667,3.13
2L5×5×7/8,20.3,2.69,1.69,31.1,1.76,2.59,20.8,2.63,1.73,31.5,1.73,2.63
×3/4,20.3,2.33,1.69,31.1,1.52,2.59,20.8,2.28,1.73,31.5,1.5,2.63
×5/8,20.3,1.98,1.69,31.1,1.29,2.59,20.8,1.93,1.73,31.5,1.28,2.63
×1/2,20.3,1.61,1.69,31.1,1.05,2.59,20.8,1.57,1.73,31.5,1.03,2.63
×7/16,20.3,1.42,1.69,31.1,0.926,2.59,20.8,1.38,1.73,31.5,0.914,2.63
×3/8,20.3,1.22,1.69,31.1,0.797,2.59,20.8,1.19,1.73,31.5,0.787,2.63
×5/16,20.3,1.02,1.69,31.1,0.669,2.59,20.8,1,1.73,31.5,0.66,2.63
2L4×4×3/4,16.4,2.26,1.37,25.2,1.47,2.1,16.8,2.2,1.4,25.5,1.45,2.13
×5/8,16.4,1.91,1.37,25.2,1.25,2.1,16.8,1.87,1.4,25.5,1.23,2.13
×1/2,16.4,1.55,1.37,25.2,1.01,2.1,16.8,1.51,1.4,25.5,0.996,2.13
×7/16,16.4,1.37,1.37,25.2,0.889,2.1,16.8,1.33,1.4,25.5,0.878,2.13
×3/8,16.4,1.19,1.37,25.2,0.771,2.1,16.8,1.16,1.4,25.5,0.762,2.13
×5/16,16.4,0.995,1.37,25.2,0.648,2.1,16.8,0.971,1.4,25.5,0.64,2.13
×1/4,16.4,0.802,1.37,25.2,0.522,2.1,16.8,0.783,1.4,25.5,0.516,2.13
2L31/2×31/2×1/2,14.4,1.54,1.2,22.2,1,1.85,14.8,1.5,1.23,22.5,0.987,1.88
×7/16,14.4,1.36,1.2,22.2,0.885,1.85,14.8,1.33,1.23,22.5,0.873,1.88
×3/8,14.4,1.18,1.2,22.2,0.767,1.85,14.8,1.15,1.23,22.5,0.756,1.88
×5/16,14.4,0.994,1.2,22.2,0.645,1.85,14.8,0.968,1.23,22.5,0.636,1.88
×1/4,14.4,0.804,1.2,22.2,0.522,1.85,14.8,0.782,1.23,22.5,0.515,1.88
2L3×3×1/2,12.4,1.51,1.03,19.2,0.97,1.6,12.8,1.46,1.07,19.5,0.959,1.63
×7/16,12.4,1.34,1.03,19.2,0.86,1.6,12.8,1.29,1.07,19.5,0.849,1.63
×3/8,12.4,1.16,1.03,19.2,0.75,1.6,12.8,1.12,1.07,19.5,0.735,1.63
×5/16,12.4,0.974,1.03,19.2,0.629,1.6,12.8,0.944,1.07,19.5,0.619,1.63
×1/4,12.4,0.789,1.03,19.2,0.509,1.6,12.8,0.764,1.07,19.5,0.502,1.63
×3/16,12.4,0.597,1.03,19.2,0.385,1.6,12.8,0.578,1.07,19.5,0.379,1.63
2L21/2×21/2×1/2,10.5,1.46,0.875,16.3,0.94,1.36,10.8,1.42,0.9,16.5,0.927,1.38
×3/8,10.5,1.12,0.875,16.3,0.72,1.36,10.8,1.09,0.9,16.5,0.715,1.38
×5/16,10.5,0.949,0.875,16.3,0.611,1.36,10.8,0.922,0.9,16.5,0.604,1.38
×1/4,10.5,0.77,0.875,16.3,0.496,1.36,10.8,0.748,0.9,16.5,0.49,1.38
×3/16,10.5,0.583,0.875,16.3,0.375,1.36,10.8,0.567,0.9,16.5,0.371,1.38
2L2×2×3/8,8.54,1.09,0.712,13.3,0.7,1.11,8.8,1.06,0.73,13.5,0.689,1.13
×5/16,8.54,0.923,0.712,13.3,0.592,1.11,8.8,0.901,0.73,13.5,0.584,1.13
×1/4,8.54,0.752,0.712,13.3,0.483,1.11,8.8,0.734,0.73,13.5,0.476,1.13
×3/16,8.54,0.576,0.712,13.3,0.37,1.11,8.8,0.562,0.73,13.5,0.364,1.13
×1/8,8.54,0.391,0.712,13.3,0.251,1.11,8.8,0.382,0.73,13.5,0.247,1.13
2L8×6×1,28.3,3.14,2.36,41.1,2.16,3.43,28.8,3.08,2.4,41.5,2.14,3.46
×7/8,28.3,2.78,2.36,41.1,1.91,3.43,28.8,2.73,2.4,41.5,1.89,3.46
×3/4,28.3,2.4,2.36,41.1,1.65,3.43,28.8,2.36,2.4,41.5,1.64,3.46
×5/8,28.3,2.02,2.36,41.1,1.39,3.43,28.8,1.99,2.4,41.5,1.38,3.46
×9/16,28.3,1.83,2.36,41.1,1.26,3.43,28.8,1.8,2.4,41.5,1.25,3.46
×1/2,28.3,1.64,2.36,41.1,1.13,3.43,28.8,1.61,2.4,41.5,1.12,3.46
×7/16,28.3,1.44,2.36,41.1,0.993,3.43,28.8,1.42,2.4,41.5,0.983,3.46
2L8×4×1,24.3,3.09,2.03,33.1,2.27,2.76,24.8,3.03,2.07,33.5,2.24,2.79
×7/8,24.3,2.74,2.03,33.1,2.01,2.76,24.8,2.69,2.07,33.5,1.99,2.79
×3/4,24.3,2.38,2.03,33.1,1.75,2.76,24.8,2.33,2.07,33.5,1.73,2.79
×5/8,24.3,2.01,2.03,33.1,1.47,2.76,24.8,1.97,2.07,33.5,1.46,2.79
×9/16,24.3,1.82,2.03,33.1,1.34,2.76,24.8,1.78,2.07,33.5,1.32,2.79
×1/2,24.3,1.62,2.03,33.1,1.19,2.76,24.8,1.59,2.07,33.5,1.18,2.79
×7/16,24.3,1.43,2.03,33.1,1.05,2.76,24.8,1.4,2.07,33.5,1.04,2.79
2L7×4×3/4,22.3,2.35,1.86,31.1,1.68,2.59,22.8,2.3,1.9,31.5,1.66,2.63
×5/8,22.3,1.98,1.86,31.1,1.42,2.59,22.8,1.94,1.9,31.5,1.4,2.63
×1/2,22.3,1.61,1.86,31.1,1.15,2.59,22.8,1.57,1.9,31.5,1.14,2.63
×7/16,22.3,1.42,1.86,31.1,1.02,2.59,22.8,1.39,1.9,31.5,1,2.63
×3/8,22.3,1.22,1.86,31.1,0.875,2.59,22.8,1.19,1.9,31.5,0.863,2.63
2L6×4×7/8,20.3,2.67,1.69,29.1,1.86,2.43,20.8,2.61,1.73,29.5,1.84,2.46
×3/4,20.3,2.32,1.69,29.1,1.62,2.43,20.8,2.26,1.73,29.5,1.59,2.46
×5/8,20.3,1.95,1.69,29.1,1.36,2.43,20.8,1.9,1.73,29.5,1.34,2.46
×9/16,20.3,1.76,1.69,29.1,1.23,2.43,20.8,1.72,1.73,29.5,1.21,2.46
×1/2,20.3,1.58,1.69,29.1,1.1,2.43,20.8,1.54,1.73,29.5,1.08,2.46
×7/16,20.3,1.39,1.69,29.1,0.969,2.43,20.8,1.36,1.73,29.5,0.956,2.46
×3/8,20.3,1.2,1.69,29.1,0.838,2.43,20.8,1.17,1.73,29.5,0.827,2.46
×5/16,20.3,1,1.69,29.1,0.701,2.43,20.8,0.981,1.73,29.5,0.692,2.46
2L6×31/2×1/2,19.3,1.59,1.61,27.1,1.13,2.26,19.8,1.55,1.65,27.5,1.11,2.29
×3/8,19.3,1.2,1.61,27.1,0.856,2.26,19.8,1.17,1.65,27.5,0.844,2.29
×5/16,19.3,1.01,1.61,27.1,0.717,2.26,19.8,0.982,1.65,27.5,0.707,2.29
2L5×31/2×3/4,17.4,2.28,1.45,25.1,1.58,2.09,17.8,2.22,1.48,25.5,1.55,2.13
×5/8,17.4,1.93,1.45,25.1,1.34,2.09,17.8,1.89,1.48,25.5,1.32,2.13
×1/2,17.4,1.56,1.45,25.1,1.08,2.09,17.8,1.53,1.48,25.5,1.07,2.13
×3/8,17.4,1.2,1.45,25.1,0.829,2.09,17.8,1.17,1.48,25.5,0.816,2.13
×5/16,17.4,1,1.45,25.1,0.695,2.09,17.8,0.98,1.48,25.5,0.684,2.13
×1/4,17.4,0.808,1.45,25.1,0.56,2.09,17.8,0.79,1.48,25.5,0.551,2.13
2L5×3×1/2,16.4,1.56,1.37,23.1,1.11,1.93,16.8,1.52,1.4,23.5,1.09,1.96
×7/16,16.4,1.38,1.37,23.1,0.978,1.93,16.8,1.35,1.4,23.5,0.962,1.96
×3/8,16.4,1.19,1.37,23.1,0.843,1.93,16.8,1.16,1.4,23.5,0.829,1.96
×5/16,16.4,0.999,1.37,23.1,0.709,1.93,16.8,0.975,1.4,23.5,0.697,1.96
×1/4,16.4,0.805,1.37,23.1,0.571,1.93,16.8,0.786,1.4,23.5,0.562,1.96
2L4×31/2×1/2,15.8,1.51,1.32,23.5,1.01,1.96,15.8,1.51,1.32,23.5,1.01,1.96
×3/8,15.8,1.15,1.32,23.5,0.774,1.96,15.8,1.15,1.32,23.5,0.774,1.96
×5/16,15.8,0.968,1.32,23.5,0.651,1.96,15.8,0.968,1.32,23.5,0.651,1.96
×1/4,15.8,0.782,1.32,23.5,0.526,1.96,15.8,0.782,1.32,23.5,0.526,1.96
2L4×3×5/8,14.8,1.84,1.23,21.5,1.27,1.79,14.8,1.84,1.23,21.5,1.27,1.79
×1/2,14.8,1.5,1.23,21.5,1.03,1.79,14.8,1.5,1.23,21.5,1.03,1.79
×3/8,14.8,1.14,1.23,21.5,0.788,1.79,14.8,1.14,1.23,21.5,0.788,1.79
×5/16,14.8,0.962,1.23,21.5,0.662,1.79,14.8,0.962,1.23,21.5,0.662,1.79
×1/4,14.8,0.777,1.23,21.5,0.535,1.79,14.8,0.777,1.23,21.5,0.535,1.79
2L31/2×3×1/2,13.4,1.54,1.12,20.2,1.02,1.68,13.8,1.49,1.15,20.5,1,1.71
×7/16,13.4,1.36,1.12,20.2,0.9,1.68,13.8,1.32,1.15,20.5,0.887,1.71
×3/8,13.4,1.18,1.12,20.2,0.78,1.68,13.8,1.14,1.15,20.5,0.769,1.71
×5/16,13.4,0.993,1.12,20.2,0.658,1.68,13.8,0.964,1.15,20.5,0.649,1.71
×1/4,13.4,0.803,1.12,20.2,0.533,1.68,13.8,0.78,1.15,20.5,0.525,1.71
2L31/2×21/2×1/2,12.4,1.52,1.03,18.2,1.03,1.52,12.8,1.47,1.07,18.5,1.02,1.54
×3/8,12.4,1.17,1.03,18.2,0.795,1.52,12.8,1.13,1.07,18.5,0.782,1.54
×5/16,12.4,0.984,1.03,18.2,0.67,1.52,12.8,0.953,1.07,18.5,0.659,1.54
×1/4,12.4,0.797,1.03,18.2,0.543,1.52,12.8,0.772,1.07,18.5,0.534,1.54
2L3×21/2×1/2,11.4,1.5,0.95,17.2,0.992,1.43,11.8,1.45,0.983,17.5,0.975,1.46
×7/16,11.4,1.33,0.95,17.2,0.879,1.43,11.8,1.28,0.983,17.5,0.864,1.46
×3/8,11.4,1.15,0.95,17.2,0.763,1.43,11.8,1.11,0.983,17.5,0.75,1.46
×5/16,11.4,0.972,0.95,17.2,0.644,1.43,11.8,0.939,0.983,17.5,0.633,1.46
×1/4,11.4,0.788,0.95,17.2,0.522,1.43,11.8,0.761,0.983,17.5,0.513,1.46
×3/16,11.4,0.598,0.95,17.2,0.397,1.43,11.8,0.578,0.983,17.5,0.39,1.46
2L3×2×1/2,10.5,1.47,0.875,15.2,1.01,1.27,10.8,1.43,0.9,15.5,0.994,1.29
×3/8,10.5,1.13,0.875,15.2,0.783,1.27,10.8,1.1,0.9,15.5,0.768,1.29
×5/16,10.5,0.958,0.875,15.2,0.662,1.27,10.8,0.931,0.9,15.5,0.649,1.29
×1/4,10.5,0.779,0.875,15.2,0.538,1.27,10.8,0.757,0.9,15.5,0.528,1.29
×3/16,10.5,0.594,0.875,15.2,0.411,1.27,10.8,0.578,0.9,15.5,0.403,1.29
2L21/2×2×3/8,9.54,1.11,0.8,14.3,0.741,1.19,9.75,1.09,0.813,14.5,0.731,1.21
×5/16,9.54,0.941,0.8,14.3,0.628,1.19,9.75,0.921,0.813,14.5,0.619,1.21
×1/4,9.54,0.765,0.8,14.3,0.51,1.19,9.75,0.749,0.813,14.5,0.503,1.21
×3/16,9.54,0.583,0.8,14.3,0.389,1.19,9.75,0.57,0.813,14.5,0.383,1.21
